cod_colegio,meac,fecha,av_acumulado,av_diario,colegio_meac
2,1,2020-03-03,0.15,0.15,2-1
2,1,2020-03-04,0.3101,0.1601,2-1
2,1,2020-03-05,0.3861,0.076,2-1
2,1,2020-03-06,0.5499,0.1638,2-1
2,1,2020-03-07,0.7599,0.21,2-1
2,1,2020-03-08,0.9369,0.177,2-1
2,1,2020-03-09,0.9901,0.0532,2-1
2,1,2020-03-10,0.9901,0.0,2-1
2,1,2020-03-11,0.9901,0.0,2-1
2,1,2020-03-12,0.9901,0.0,2-1
2,1,2020-03-13,0.9901,0.0,2-1
2,1,2020-03-14,0.9901,0.0,2-1
2,1,2020-03-15,0.9901,0.0,2-1
2,2,2020-03-01,0.3101,0.3101,2-2
2,2,2020-03-02,0.6911,0.381,2-2
2,2,2020-03-03,0.7497,0.0586,2-2
2,2,2020-03-04,0.8001,0.0504,2-2
2,2,2020-03-05,0.8001,0.0,2-2
2,2,2020-03-06,0.8202,0.0201,2-2
2,2,2020-03-07,0.9003,0.0801,2-2
2,2,2020-03-08,0.9568,0.0565,2-2
2,2,2020-03-09,0.9901,0.0333,2-2
2,2,2020-03-10,0.9901,0.0,2-2
2,2,2020-03-11,0.9901,0.0,2-2
2,2,2020-03-12,0.9901,0.0,2-2
2,2,2020-03-13,0.9901,0.0,2-2
2,2,2020-03-14,0.9901,0.0,2-2
2,2,2020-03-15,0.9901,0.0,2-2
2,3,2020-03-01,0.4172,0.4172,2-3
2,3,2020-03-02,0.5525,0.1353,2-3
2,3,2020-03-03,0.7003,0.1478,2-3
2,3,2020-03-04,0.7698,0.0695,2-3
2,3,2020-03-05,0.8428,0.073,2-3
2,3,2020-03-06,0.8902,0.0474,2-3
2,3,2020-03-07,0.9199,0.0297,2-3
2,3,2020-03-08,0.95,0.0301,2-3
2,3,2020-03-09,0.9901,0.0401,2-3
2,3,2020-03-10,0.9901,0.0,2-3
2,3,2020-03-11,0.9901,0.0,2-3
2,3,2020-03-12,0.9901,0.0,2-3
2,3,2020-03-13,0.9901,0.0,2-3
2,3,2020-03-14,0.9901,0.0,2-3
2,3,2020-03-15,0.9901,0.0,2-3
2,4,2020-03-01,0.5599,0.5599,2-4
2,4,2020-03-02,0.7418,0.1819,2-4
2,4,2020-03-03,0.85,0.1082,2-4
2,4,2020-03-04,0.9697,0.1197,2-4
2,4,2020-03-05,0.9697,0.0,2-4
2,4,2020-03-06,0.9901,0.0204,2-4
2,4,2020-03-07,0.9901,0.0,2-4
2,4,2020-03-08,0.9901,0.0,2-4
2,4,2020-03-09,0.9901,0.0,2-4
2,4,2020-03-10,0.9901,0.0,2-4
2,4,2020-03-11,0.9901,0.0,2-4
2,4,2020-03-12,0.9901,0.0,2-4
2,4,2020-03-13,0.9901,0.0,2-4
2,4,2020-03-14,0.9901,0.0,2-4
2,4,2020-03-15,0.9901,0.0,2-4
2,5,2020-03-01,0.5257,0.5257,2-5
2,5,2020-03-02,0.8877,0.362,2-5
2,5,2020-03-03,0.95,0.0623,2-5
2,5,2020-03-04,0.9796,0.0296,2-5
2,5,2020-03-05,0.9796,0.0,2-5
2,5,2020-03-06,0.9878,0.0082,2-5
2,5,2020-03-07,0.9878,0.0,2-5
2,5,2020-03-08,0.9878,0.0,2-5
2,5,2020-03-09,0.9901,0.0023,2-5
2,5,2020-03-10,0.9901,0.0,2-5
2,5,2020-03-11,0.9901,0.0,2-5
2,5,2020-03-12,0.9901,0.0,2-5
2,5,2020-03-13,0.9901,0.0,2-5
2,5,2020-03-14,0.9901,0.0,2-5
2,5,2020-03-15,0.9901,0.0,2-5
2,6,2020-03-01,0.6001,0.6001,2-6
2,6,2020-03-02,0.956,0.3559,2-6
2,6,2020-03-03,0.9796,0.0236,2-6
2,6,2020-03-04,0.9901,0.0105,2-6
2,6,2020-03-05,0.9921,0.002,2-6
2,6,2020-03-06,0.9921,0.0,2-6
2,6,2020-03-07,0.9921,0.0,2-6
2,6,2020-03-08,0.9921,0.0,2-6
2,6,2020-03-09,0.9921,0.0,2-6
2,6,2020-03-10,0.9921,0.0,2-6
2,6,2020-03-11,0.9921,0.0,2-6
2,6,2020-03-12,0.9921,0.0,2-6
2,6,2020-03-13,0.9921,0.0,2-6
2,6,2020-03-14,0.9921,0.0,2-6
2,6,2020-03-15,0.9921,0.0,2-6
2,7,2020-03-01,0.5943,0.5943,2-7
2,7,2020-03-02,0.6675,0.0732,2-7
2,7,2020-03-03,0.7497,0.0822,2-7
2,7,2020-03-04,0.9697,0.22,2-7
2,7,2020-03-05,0.9841,0.0144,2-7
2,7,2020-03-06,0.9841,0.0,2-7
2,7,2020-03-07,0.9841,0.0,2-7
2,7,2020-03-08,0.9841,0.0,2-7
2,7,2020-03-09,0.9901,0.006,2-7
2,7,2020-03-10,0.9901,0.0,2-7
2,7,2020-03-11,0.9901,0.0,2-7
2,7,2020-03-12,0.9901,0.0,2-7
2,7,2020-03-13,0.9901,0.0,2-7
2,7,2020-03-14,0.9901,0.0,2-7
2,7,2020-03-15,0.9901,0.0,2-7
2,8,2020-03-01,0.5943,0.5943,2-8
2,8,2020-03-02,0.5943,0.0,2-8
2,8,2020-03-03,0.7003,0.106,2-8
2,8,2020-03-04,0.8601,0.1598,2-8
2,8,2020-03-05,0.8601,0.0,2-8
2,8,2020-03-06,0.8601,0.0,2-8
2,8,2020-03-07,0.8601,0.0,2-8
2,8,2020-03-08,0.95,0.0899,2-8
2,8,2020-03-09,0.9901,0.0401,2-8
2,8,2020-03-10,0.9901,0.0,2-8
2,8,2020-03-11,0.9901,0.0,2-8
2,8,2020-03-12,0.9901,0.0,2-8
2,8,2020-03-13,0.9901,0.0,2-8
2,8,2020-03-14,0.9901,0.0,2-8
2,8,2020-03-15,0.9901,0.0,2-8
2,9,2020-03-01,0.4207,0.4207,2-9
2,9,2020-03-02,0.5075,0.0868,2-9
2,9,2020-03-03,0.7003,0.1928,2-9
2,9,2020-03-04,0.8601,0.1598,2-9
2,9,2020-03-05,0.9209,0.0608,2-9
2,9,2020-03-06,0.9209,0.0,2-9
2,9,2020-03-07,0.9209,0.0,2-9
2,9,2020-03-08,0.9209,0.0,2-9
2,9,2020-03-09,0.9901,0.0692,2-9
2,9,2020-03-10,0.9901,0.0,2-9
2,9,2020-03-11,0.9901,0.0,2-9
2,9,2020-03-12,0.9901,0.0,2-9
2,9,2020-03-13,0.9901,0.0,2-9
2,9,2020-03-14,0.9901,0.0,2-9
2,9,2020-03-15,0.9901,0.0,2-9
2,10,2020-03-01,0.33,0.33,2-10
2,10,2020-03-02,0.553,0.223,2-10
2,10,2020-03-03,0.8001,0.2471,2-10
2,10,2020-03-04,0.9101,0.11,2-10
2,10,2020-03-05,0.9685,0.0584,2-10
2,10,2020-03-06,0.9685,0.0,2-10
2,10,2020-03-07,0.9685,0.0,2-10
2,10,2020-03-08,0.9697,0.0012,2-10
2,10,2020-03-09,0.9901,0.0204,2-10
2,10,2020-03-10,0.9901,0.0,2-10
2,10,2020-03-11,0.9901,0.0,2-10
2,10,2020-03-12,0.9901,0.0,2-10
2,10,2020-03-13,0.9901,0.0,2-10
2,10,2020-03-14,0.9901,0.0,2-10
2,10,2020-03-15,0.9901,0.0,2-10
2,11,2020-03-03,0.15,0.15,2-11
2,11,2020-03-04,0.3202,0.1702,2-11
2,11,2020-03-05,0.4163,0.0961,2-11
2,11,2020-03-06,0.6502,0.2339,2-11
2,11,2020-03-07,0.85,0.1998,2-11
2,11,2020-03-08,0.9027,0.0527,2-11
2,11,2020-03-09,0.9901,0.0874,2-11
2,11,2020-03-10,0.9901,0.0,2-11
2,11,2020-03-11,0.9901,0.0,2-11
2,11,2020-03-12,0.9901,0.0,2-11
2,11,2020-03-13,0.9901,0.0,2-11
2,11,2020-03-14,0.9901,0.0,2-11
2,11,2020-03-15,0.9901,0.0,2-11
2,12,2020-03-03,0.15,0.15,2-12
2,12,2020-03-04,0.3101,0.1601,2-12
2,12,2020-03-05,0.3603,0.0502,2-12
2,12,2020-03-06,0.5403,0.18,2-12
2,12,2020-03-07,0.7497,0.2094,2-12
2,12,2020-03-08,0.9101,0.1604,2-12
2,12,2020-03-09,0.9901,0.08,2-12
2,12,2020-03-10,0.9901,0.0,2-12
2,12,2020-03-11,0.9901,0.0,2-12
2,12,2020-03-12,0.9901,0.0,2-12
2,12,2020-03-13,0.9901,0.0,2-12
2,12,2020-03-14,0.9901,0.0,2-12
2,12,2020-03-15,0.9901,0.0,2-12
8,1,2020-03-05,0.0092,0.0092,8-1
8,1,2020-03-06,0.0497,0.0405,8-1
8,1,2020-03-07,0.07,0.0203,8-1
8,1,2020-03-08,0.1001,0.0301,8-1
8,1,2020-03-09,0.15,0.0499,8-1
8,1,2020-03-10,0.15,0.0,8-1
8,1,2020-03-11,0.15,0.0,8-1
8,1,2020-03-12,0.291,0.141,8-1
8,1,2020-03-13,0.4463,0.1553,8-1
8,1,2020-03-14,0.45,0.0037,8-1
8,1,2020-03-15,0.4562,0.0062,8-1
8,2,2020-03-02,0.0142,0.0142,8-2
8,2,2020-03-03,0.0497,0.0355,8-2
8,2,2020-03-04,0.0991,0.0494,8-2
8,2,2020-03-05,0.2293,0.1302,8-2
8,2,2020-03-06,0.3004,0.0711,8-2
8,2,2020-03-07,0.35,0.0496,8-2
8,2,2020-03-08,0.45,0.1,8-2
8,2,2020-03-09,0.6502,0.2002,8-2
8,2,2020-03-10,0.6502,0.0,8-2
8,2,2020-03-11,0.666,0.0158,8-2
8,2,2020-03-12,0.699,0.033,8-2
8,2,2020-03-13,0.7509,0.0519,8-2
8,2,2020-03-14,0.85,0.0991,8-2
8,2,2020-03-15,0.8525,0.0025,8-2
8,3,2020-03-01,0.537,0.537,8-3
8,3,2020-03-02,0.599,0.062,8-3
8,3,2020-03-03,0.7003,0.1013,8-3
8,3,2020-03-04,0.7545,0.0542,8-3
8,3,2020-03-05,0.7964,0.0419,8-3
8,3,2020-03-06,0.8202,0.0238,8-3
8,3,2020-03-07,0.8698,0.0496,8-3
8,3,2020-03-08,0.9003,0.0305,8-3
8,3,2020-03-09,0.9299,0.0296,8-3
8,3,2020-03-10,0.9299,0.0,8-3
8,3,2020-03-11,0.9901,0.0602,8-3
8,3,2020-03-12,0.9901,0.0,8-3
8,3,2020-03-13,0.9901,0.0,8-3
8,3,2020-03-14,0.9901,0.0,8-3
8,3,2020-03-15,0.9901,0.0,8-3
8,4,2020-03-01,0.5129,0.5129,8-4
8,4,2020-03-02,0.58,0.0671,8-4
8,4,2020-03-03,0.6001,0.0201,8-4
8,4,2020-03-04,0.7407,0.1406,8-4
8,4,2020-03-05,0.7759,0.0352,8-4
8,4,2020-03-06,0.8202,0.0443,8-4
8,4,2020-03-07,0.8698,0.0496,8-4
8,4,2020-03-08,0.9003,0.0305,8-4
8,4,2020-03-09,0.9299,0.0296,8-4
8,4,2020-03-10,0.9299,0.0,8-4
8,4,2020-03-11,0.95,0.0201,8-4
8,4,2020-03-12,0.9599,0.0099,8-4
8,4,2020-03-13,0.9697,0.0098,8-4
8,4,2020-03-14,0.9697,0.0,8-4
8,4,2020-03-15,0.978,0.0083,8-4
9,1,2020-03-06,0.2002,0.2002,9-1
9,1,2020-03-07,0.2002,0.0,9-1
9,1,2020-03-08,0.2002,0.0,9-1
9,1,2020-03-09,0.2002,0.0,9-1
9,1,2020-03-10,0.6001,0.3999,9-1
9,1,2020-03-11,0.6001,0.0,9-1
9,1,2020-03-12,0.79,0.1899,9-1
9,1,2020-03-13,0.9101,0.1201,9-1
9,1,2020-03-14,0.9101,0.0,9-1
9,1,2020-03-15,0.9168,0.0067,9-1
9,2,2020-03-09,0.15,0.15,9-2
9,2,2020-03-10,0.15,0.0,9-2
9,2,2020-03-11,0.2497,0.0997,9-2
9,2,2020-03-12,0.3997,0.15,9-2
9,2,2020-03-13,0.6099,0.2102,9-2
9,2,2020-03-14,0.6099,0.0,9-2
9,2,2020-03-15,0.6204,0.0105,9-2
9,3,2020-03-06,0.5,0.5,9-3
9,3,2020-03-07,0.5,0.0,9-3
9,3,2020-03-08,0.5,0.0,9-3
9,3,2020-03-09,0.7497,0.2497,9-3
9,3,2020-03-10,0.7497,0.0,9-3
9,3,2020-03-11,0.7497,0.0,9-3
9,3,2020-03-12,0.8677,0.118,9-3
9,3,2020-03-13,0.9399,0.0722,9-3
9,3,2020-03-14,0.9399,0.0,9-3
9,3,2020-03-15,0.9442,0.0043,9-3
9,4,2020-03-08,0.15,0.15,9-4
9,4,2020-03-09,0.15,0.0,9-4
9,4,2020-03-10,0.35,0.2,9-4
9,4,2020-03-11,0.5,0.15,9-4
9,4,2020-03-12,0.7299,0.2299,9-4
9,4,2020-03-13,0.7299,0.0,9-4
9,4,2020-03-14,0.7299,0.0,9-4
9,4,2020-03-15,0.7359,0.006,9-4
9,5,2020-03-05,0.0213,0.0213,9-5
9,5,2020-03-06,0.7003,0.679,9-5
9,5,2020-03-07,0.7003,0.0,9-5
9,5,2020-03-08,0.7003,0.0,9-5
9,5,2020-03-09,0.9796,0.2793,9-5
9,5,2020-03-10,0.9796,0.0,9-5
9,5,2020-03-11,0.9796,0.0,9-5
9,5,2020-03-12,0.9796,0.0,9-5
9,5,2020-03-13,0.9796,0.0,9-5
9,5,2020-03-14,0.9796,0.0,9-5
9,5,2020-03-15,0.9796,0.0,9-5
9,6,2020-03-09,0.15,0.15,9-6
9,6,2020-03-10,0.5,0.35,9-6
9,6,2020-03-11,0.5,0.0,9-6
9,6,2020-03-12,0.5529,0.0529,9-6
9,6,2020-03-13,0.71,0.1571,9-6
9,6,2020-03-14,0.71,0.0,9-6
9,6,2020-03-15,0.7227,0.0127,9-6
9,7,2020-03-01,0.3133,0.3133,9-7
9,7,2020-03-02,0.5914,0.2781,9-7
9,7,2020-03-03,0.7003,0.1089,9-7
9,7,2020-03-04,0.9003,0.2,9-7
9,7,2020-03-05,0.9003,0.0,9-7
9,7,2020-03-06,0.9003,0.0,9-7
9,7,2020-03-07,0.9003,0.0,9-7
9,7,2020-03-08,0.9003,0.0,9-7
9,7,2020-03-09,0.9599,0.0596,9-7
9,7,2020-03-10,0.9599,0.0,9-7
9,7,2020-03-11,0.9599,0.0,9-7
9,7,2020-03-12,0.9599,0.0,9-7
9,7,2020-03-13,0.9599,0.0,9-7
9,7,2020-03-14,0.9599,0.0,9-7
9,7,2020-03-15,0.9681,0.0082,9-7
9,8,2020-03-08,0.15,0.15,9-8
9,8,2020-03-09,0.15,0.0,9-8
9,8,2020-03-10,0.5599,0.4099,9-8
9,8,2020-03-11,0.6834,0.1235,9-8
9,8,2020-03-12,0.9796,0.2962,9-8
9,8,2020-03-13,0.9869,0.0073,9-8
9,8,2020-03-14,0.9901,0.0032,9-8
9,8,2020-03-15,0.9947,0.0046,9-8
9,9,2020-03-01,0.4485,0.4485,9-9
9,9,2020-03-02,0.7199,0.2714,9-9
9,9,2020-03-03,0.8001,0.0802,9-9
9,9,2020-03-04,0.9003,0.1002,9-9
9,9,2020-03-05,0.9003,0.0,9-9
9,9,2020-03-06,0.9003,0.0,9-9
9,9,2020-03-07,0.9003,0.0,9-9
9,9,2020-03-08,0.9003,0.0,9-9
9,9,2020-03-09,0.9599,0.0596,9-9
9,9,2020-03-10,0.9599,0.0,9-9
9,9,2020-03-11,0.9599,0.0,9-9
9,9,2020-03-12,0.9599,0.0,9-9
9,9,2020-03-13,0.9599,0.0,9-9
9,9,2020-03-14,0.9599,0.0,9-9
9,9,2020-03-15,0.9681,0.0082,9-9
9,10,2020-03-08,0.15,0.15,9-10
9,10,2020-03-09,0.15,0.0,9-10
9,10,2020-03-10,0.35,0.2,9-10
9,10,2020-03-11,0.5201,0.1701,9-10
9,10,2020-03-12,0.7043,0.1842,9-10
9,10,2020-03-13,0.9465,0.2422,9-10
9,10,2020-03-14,0.9901,0.0436,9-10
9,10,2020-03-15,0.9947,0.0046,9-10
9,11,2020-03-01,0.5255,0.5255,9-11
9,11,2020-03-02,0.7004,0.1749,9-11
9,11,2020-03-03,0.8001,0.0997,9-11
9,11,2020-03-04,0.9003,0.1002,9-11
9,11,2020-03-05,1.0,0.0997,9-11
9,11,2020-03-06,1.0,0.0,9-11
9,11,2020-03-07,1.0,0.0,9-11
9,11,2020-03-08,1.0,0.0,9-11
9,11,2020-03-09,1.0,0.0,9-11
9,11,2020-03-10,1.0,0.0,9-11
9,11,2020-03-11,1.0,0.0,9-11
9,11,2020-03-12,1.0,0.0,9-11
9,11,2020-03-13,1.0,0.0,9-11
9,11,2020-03-14,1.0,0.0,9-11
9,11,2020-03-15,1.0,0.0,9-11
9,12,2020-03-08,0.45,0.45,9-12
9,12,2020-03-09,0.5,0.05,9-12
9,12,2020-03-10,0.6001,0.1001,9-12
9,12,2020-03-11,0.6653,0.0652,9-12
9,12,2020-03-12,0.85,0.1847,9-12
9,12,2020-03-13,0.9599,0.1099,9-12
9,12,2020-03-14,0.9796,0.0197,9-12
9,12,2020-03-15,0.9947,0.0151,9-12
9,13,2020-03-01,0.9595,0.9595,9-13
9,13,2020-03-02,0.9678,0.0083,9-13
9,13,2020-03-03,0.9796,0.0118,9-13
9,13,2020-03-04,0.9901,0.0105,9-13
9,13,2020-03-05,0.9901,0.0,9-13
9,13,2020-03-06,0.9901,0.0,9-13
9,13,2020-03-07,0.9901,0.0,9-13
9,13,2020-03-08,0.9901,0.0,9-13
9,13,2020-03-09,0.9901,0.0,9-13
9,13,2020-03-10,0.9901,0.0,9-13
9,13,2020-03-11,0.9901,0.0,9-13
9,13,2020-03-12,0.9901,0.0,9-13
9,13,2020-03-13,0.9901,0.0,9-13
9,13,2020-03-14,0.9901,0.0,9-13
9,13,2020-03-15,1.0,0.0099,9-13
9,14,2020-03-01,0.8602,0.8602,9-14
9,14,2020-03-02,0.8927,0.0325,9-14
9,14,2020-03-03,0.9399,0.0472,9-14
9,14,2020-03-04,0.9901,0.0502,9-14
9,14,2020-03-05,0.9901,0.0,9-14
9,14,2020-03-06,0.9901,0.0,9-14
9,14,2020-03-07,0.9901,0.0,9-14
9,14,2020-03-08,0.9901,0.0,9-14
9,14,2020-03-09,0.9901,0.0,9-14
9,14,2020-03-10,0.9901,0.0,9-14
9,14,2020-03-11,0.9901,0.0,9-14
9,14,2020-03-12,0.9901,0.0,9-14
9,14,2020-03-13,0.9901,0.0,9-14
9,14,2020-03-14,0.9901,0.0,9-14
9,14,2020-03-15,1.0,0.0099,9-14
9,15,2020-03-01,0.3204,0.3204,9-15
9,15,2020-03-02,0.4535,0.1331,9-15
9,15,2020-03-03,0.6001,0.1466,9-15
9,15,2020-03-04,0.8001,0.2,9-15
9,15,2020-03-05,0.8698,0.0697,9-15
9,15,2020-03-06,0.95,0.0802,9-15
9,15,2020-03-07,0.95,0.0,9-15
9,15,2020-03-08,0.95,0.0,9-15
9,15,2020-03-09,0.9796,0.0296,9-15
9,15,2020-03-10,0.9796,0.0,9-15
9,15,2020-03-11,0.9796,0.0,9-15
9,15,2020-03-12,0.9796,0.0,9-15
9,15,2020-03-13,0.9796,0.0,9-15
9,15,2020-03-14,0.9796,0.0,9-15
9,15,2020-03-15,1.0,0.0204,9-15
9,16,2020-03-01,0.1001,0.1001,9-16
9,16,2020-03-02,0.1591,0.059,9-16
9,16,2020-03-03,0.45,0.2909,9-16
9,16,2020-03-04,0.5599,0.1099,9-16
9,16,2020-03-05,0.5945,0.0346,9-16
9,16,2020-03-06,0.9003,0.3058,9-16
9,16,2020-03-07,0.9003,0.0,9-16
9,16,2020-03-08,0.9003,0.0,9-16
9,16,2020-03-09,0.9796,0.0793,9-16
9,16,2020-03-10,0.9796,0.0,9-16
9,16,2020-03-11,0.9796,0.0,9-16
9,16,2020-03-12,0.9796,0.0,9-16
9,16,2020-03-13,0.9796,0.0,9-16
9,16,2020-03-14,0.9796,0.0,9-16
9,16,2020-03-15,1.0,0.0204,9-16
13,1,2020-03-15,0.0127,0.0127,13-1
14,1,2020-03-05,0.0497,0.0497,14-1
14,1,2020-03-06,0.1202,0.0705,14-1
14,1,2020-03-07,0.2497,0.1295,14-1
14,1,2020-03-08,0.35,0.1003,14-1
14,1,2020-03-09,0.4285,0.0785,14-1
14,1,2020-03-10,0.51,0.0815,14-1
14,1,2020-03-11,0.5701,0.0601,14-1
14,1,2020-03-12,0.7003,0.1302,14-1
14,1,2020-03-13,0.7566,0.0563,14-1
14,1,2020-03-14,0.8001,0.0435,14-1
14,1,2020-03-15,0.8632,0.0631,14-1
14,2,2020-03-08,0.0298,0.0298,14-2
14,2,2020-03-09,0.2519,0.2221,14-2
14,2,2020-03-10,0.2519,0.0,14-2
14,2,2020-03-11,0.5,0.2481,14-2
14,2,2020-03-12,0.5797,0.0797,14-2
14,2,2020-03-13,0.7302,0.1505,14-2
14,2,2020-03-14,0.8001,0.0699,14-2
14,2,2020-03-15,0.8632,0.0631,14-2
14,3,2020-03-01,0.1917,0.1917,14-3
14,3,2020-03-02,0.2497,0.058,14-3
14,3,2020-03-03,0.35,0.1003,14-3
14,3,2020-03-04,0.43,0.08,14-3
14,3,2020-03-05,0.5377,0.1077,14-3
14,3,2020-03-06,0.5701,0.0324,14-3
14,3,2020-03-07,0.6197,0.0496,14-3
14,3,2020-03-08,0.6502,0.0305,14-3
14,3,2020-03-09,0.8857,0.2355,14-3
14,3,2020-03-10,0.8857,0.0,14-3
14,3,2020-03-11,0.9697,0.084,14-3
14,3,2020-03-12,0.9697,0.0,14-3
14,3,2020-03-13,0.9697,0.0,14-3
14,3,2020-03-14,0.9697,0.0,14-3
14,3,2020-03-15,0.9766,0.0069,14-3
14,4,2020-03-02,0.1001,0.1001,14-4
14,4,2020-03-03,0.2002,0.1001,14-4
14,4,2020-03-04,0.3004,0.1002,14-4
14,4,2020-03-05,0.3742,0.0738,14-4
14,4,2020-03-06,0.45,0.0758,14-4
14,4,2020-03-07,0.5403,0.0903,14-4
14,4,2020-03-08,0.6001,0.0598,14-4
14,4,2020-03-09,0.6001,0.0,14-4
14,4,2020-03-10,0.6001,0.0,14-4
14,4,2020-03-11,0.7801,0.18,14-4
14,4,2020-03-12,0.9697,0.1896,14-4
14,4,2020-03-13,0.9697,0.0,14-4
14,4,2020-03-14,0.9697,0.0,14-4
14,4,2020-03-15,0.9766,0.0069,14-4
14,5,2020-03-01,0.1213,0.1213,14-5
14,5,2020-03-02,0.2002,0.0789,14-5
14,5,2020-03-03,0.35,0.1498,14-5
14,5,2020-03-04,0.43,0.08,14-5
14,5,2020-03-05,0.4667,0.0367,14-5
14,5,2020-03-06,0.5201,0.0534,14-5
14,5,2020-03-07,0.63,0.1099,14-5
14,5,2020-03-08,0.7003,0.0703,14-5
14,5,2020-03-09,0.7003,0.0,14-5
14,5,2020-03-10,0.7003,0.0,14-5
14,5,2020-03-11,0.7349,0.0346,14-5
14,5,2020-03-12,0.7618,0.0269,14-5
14,5,2020-03-13,0.9214,0.1596,14-5
14,5,2020-03-14,0.95,0.0286,14-5
14,5,2020-03-15,0.9766,0.0266,14-5
14,6,2020-03-05,0.0497,0.0497,14-6
14,6,2020-03-06,0.0497,0.0,14-6
14,6,2020-03-07,0.0497,0.0,14-6
14,6,2020-03-08,0.0602,0.0105,14-6
14,6,2020-03-09,0.3101,0.2499,14-6
14,6,2020-03-10,0.3857,0.0756,14-6
14,6,2020-03-11,0.5242,0.1385,14-6
14,6,2020-03-12,0.71,0.1858,14-6
14,6,2020-03-13,0.71,0.0,14-6
14,6,2020-03-14,0.8001,0.0901,14-6
14,6,2020-03-15,0.8955,0.0954,14-6
21,1,2020-03-06,0.0041,0.0041,21-1
21,1,2020-03-08,0.1693,0.1652,21-1
21,1,2020-03-09,0.1693,0.0,21-1
21,1,2020-03-10,0.17,0.0007,21-1
21,1,2020-03-11,0.17,0.0,21-1
21,1,2020-03-12,0.2098,0.0398,21-1
21,1,2020-03-13,0.2603,0.0505,21-1
21,1,2020-03-14,0.3997,0.1394,21-1
21,1,2020-03-15,0.5579,0.1582,21-1
21,2,2020-03-10,0.15,0.15,21-2
21,2,2020-03-11,0.2076,0.0576,21-2
21,2,2020-03-12,0.2647,0.0571,21-2
21,2,2020-03-13,0.5338,0.2691,21-2
21,2,2020-03-14,0.6001,0.0663,21-2
21,2,2020-03-15,0.727,0.1269,21-2
21,3,2020-03-05,0.0229,0.0229,21-3
21,3,2020-03-06,0.0298,0.0069,21-3
21,3,2020-03-07,0.0298,0.0,21-3
21,3,2020-03-08,0.0298,0.0,21-3
21,3,2020-03-09,0.4862,0.4564,21-3
21,3,2020-03-10,0.5,0.0138,21-3
21,3,2020-03-11,0.5201,0.0201,21-3
21,3,2020-03-12,0.6099,0.0898,21-3
21,3,2020-03-13,0.7223,0.1124,21-3
21,3,2020-03-14,0.7801,0.0578,21-3
21,3,2020-03-15,0.8425,0.0624,21-3
21,4,2020-03-04,0.0148,0.0148,21-4
21,4,2020-03-05,0.0923,0.0775,21-4
21,4,2020-03-06,0.15,0.0577,21-4
21,4,2020-03-07,0.2701,0.1201,21-4
21,4,2020-03-08,0.4132,0.1431,21-4
21,4,2020-03-09,0.4526,0.0394,21-4
21,4,2020-03-10,0.5499,0.0973,21-4
21,4,2020-03-11,0.6579,0.108,21-4
21,4,2020-03-12,0.7159,0.058,21-4
21,4,2020-03-13,0.7403,0.0244,21-4
21,4,2020-03-14,0.8001,0.0598,21-4
21,4,2020-03-15,0.9865,0.1864,21-4
21,5,2020-03-02,0.1175,0.1175,21-5
21,5,2020-03-03,0.2002,0.0827,21-5
21,5,2020-03-04,0.3133,0.1131,21-5
21,5,2020-03-05,0.4485,0.1352,21-5
21,5,2020-03-06,0.4701,0.0216,21-5
21,5,2020-03-07,0.5,0.0299,21-5
21,5,2020-03-08,0.5229,0.0229,21-5
21,5,2020-03-09,0.6019,0.079,21-5
21,5,2020-03-10,0.8001,0.1982,21-5
21,5,2020-03-11,0.8079,0.0078,21-5
21,5,2020-03-12,0.9796,0.1717,21-5
21,5,2020-03-13,0.9796,0.0,21-5
21,5,2020-03-14,0.9901,0.0105,21-5
21,5,2020-03-15,0.9984,0.0083,21-5
21,6,2020-03-01,0.3131,0.3131,21-6
21,6,2020-03-02,0.4878,0.1747,21-6
21,6,2020-03-03,0.6001,0.1123,21-6
21,6,2020-03-04,0.8089,0.2088,21-6
21,6,2020-03-05,0.8161,0.0072,21-6
21,6,2020-03-06,0.85,0.0339,21-6
21,6,2020-03-07,0.9003,0.0503,21-6
21,6,2020-03-08,0.9299,0.0296,21-6
21,6,2020-03-09,0.9299,0.0,21-6
21,6,2020-03-10,0.9299,0.0,21-6
21,6,2020-03-11,0.9443,0.0144,21-6
21,6,2020-03-12,0.9443,0.0,21-6
21,6,2020-03-13,0.9901,0.0458,21-6
21,6,2020-03-14,0.9901,0.0,21-6
21,6,2020-03-15,0.9988,0.0087,21-6
21,7,2020-03-02,0.0213,0.0213,21-7
21,7,2020-03-03,0.2497,0.2284,21-7
21,7,2020-03-04,0.3832,0.1335,21-7
21,7,2020-03-05,0.3919,0.0087,21-7
21,7,2020-03-06,0.45,0.0581,21-7
21,7,2020-03-07,0.5499,0.0999,21-7
21,7,2020-03-08,0.6396,0.0897,21-7
21,7,2020-03-09,0.6396,0.0,21-7
21,7,2020-03-10,0.6802,0.0406,21-7
21,7,2020-03-11,0.7122,0.032,21-7
21,7,2020-03-12,0.8302,0.118,21-7
21,7,2020-03-13,0.8841,0.0539,21-7
21,7,2020-03-14,0.9003,0.0162,21-7
21,7,2020-03-15,0.9959,0.0956,21-7
21,8,2020-03-05,0.1001,0.1001,21-8
21,8,2020-03-06,0.1202,0.0201,21-8
21,8,2020-03-07,0.1402,0.02,21-8
21,8,2020-03-08,0.1693,0.0291,21-8
21,8,2020-03-09,0.1693,0.0,21-8
21,8,2020-03-10,0.6001,0.4308,21-8
21,8,2020-03-11,0.6502,0.0501,21-8
21,8,2020-03-12,0.7299,0.0797,21-8
21,8,2020-03-13,0.844,0.1141,21-8
21,8,2020-03-14,0.9003,0.0563,21-8
21,8,2020-03-15,0.9982,0.0979,21-8
21,9,2020-03-10,0.15,0.15,21-9
21,9,2020-03-11,0.47,0.32,21-9
21,9,2020-03-12,0.5499,0.0799,21-9
21,9,2020-03-13,0.6066,0.0567,21-9
21,9,2020-03-14,0.7497,0.1431,21-9
21,9,2020-03-15,0.8446,0.0949,21-9
21,10,2020-03-10,0.15,0.15,21-10
21,10,2020-03-11,0.15,0.0,21-10
21,10,2020-03-12,0.285,0.135,21-10
21,10,2020-03-13,0.51,0.225,21-10
21,10,2020-03-14,0.51,0.0,21-10
21,10,2020-03-15,0.5198,0.0098,21-10
23,1,2020-03-05,0.0213,0.0213,23-1
23,1,2020-03-06,0.15,0.1287,23-1
23,1,2020-03-07,0.2497,0.0997,23-1
23,1,2020-03-08,0.304,0.0543,23-1
23,1,2020-03-09,0.3997,0.0957,23-1
23,1,2020-03-10,0.5863,0.1866,23-1
23,1,2020-03-11,0.7251,0.1388,23-1
23,1,2020-03-12,0.85,0.1249,23-1
23,1,2020-03-13,0.9549,0.1049,23-1
23,1,2020-03-14,0.9599,0.005,23-1
23,1,2020-03-15,0.9599,0.0,23-1
23,2,2020-03-02,0.0294,0.0294,23-2
23,2,2020-03-03,0.15,0.1206,23-2
23,2,2020-03-04,0.2734,0.1234,23-2
23,2,2020-03-05,0.3153,0.0419,23-2
23,2,2020-03-06,0.45,0.1347,23-2
23,2,2020-03-07,0.5,0.05,23-2
23,2,2020-03-08,0.5599,0.0599,23-2
23,2,2020-03-09,0.6502,0.0903,23-2
23,2,2020-03-10,0.8524,0.2022,23-2
23,2,2020-03-11,0.8524,0.0,23-2
23,2,2020-03-12,0.9199,0.0675,23-2
23,2,2020-03-13,0.9697,0.0498,23-2
23,2,2020-03-14,0.9697,0.0,23-2
23,2,2020-03-15,0.9697,0.0,23-2
23,3,2020-03-02,0.0294,0.0294,23-3
23,3,2020-03-03,0.2002,0.1708,23-3
23,3,2020-03-04,0.3503,0.1501,23-3
23,3,2020-03-05,0.4908,0.1405,23-3
23,3,2020-03-06,0.5499,0.0591,23-3
23,3,2020-03-07,0.63,0.0801,23-3
23,3,2020-03-08,0.7177,0.0877,23-3
23,3,2020-03-09,0.8001,0.0824,23-3
23,3,2020-03-10,0.9199,0.1198,23-3
23,3,2020-03-11,0.9199,0.0,23-3
23,3,2020-03-12,0.9199,0.0,23-3
23,3,2020-03-13,0.9901,0.0702,23-3
23,3,2020-03-14,0.9901,0.0,23-3
23,3,2020-03-15,0.9901,0.0,23-3
23,4,2020-03-10,0.0101,0.0101,23-4
23,4,2020-03-11,0.1001,0.09,23-4
23,4,2020-03-12,0.2002,0.1001,23-4
23,4,2020-03-13,0.4202,0.22,23-4
23,4,2020-03-14,0.4202,0.0,23-4
23,4,2020-03-15,0.4202,0.0,23-4
23,5,2020-03-10,0.0692,0.0692,23-5
23,5,2020-03-11,0.2123,0.1431,23-5
23,5,2020-03-12,0.35,0.1377,23-5
23,5,2020-03-13,0.515,0.165,23-5
23,5,2020-03-14,0.5201,0.0051,23-5
23,5,2020-03-15,0.5201,0.0,23-5
31,1,2020-03-09,0.15,0.15,31-1
31,1,2020-03-10,0.2197,0.0697,31-1
31,1,2020-03-11,0.4604,0.2407,31-1
31,1,2020-03-12,0.5022,0.0418,31-1
31,1,2020-03-13,0.7497,0.2475,31-1
31,1,2020-03-14,0.79,0.0403,31-1
31,1,2020-03-15,0.8213,0.0313,31-1
34,1,2020-03-03,0.15,0.15,34-1
34,1,2020-03-04,0.28,0.13,34-1
34,1,2020-03-05,0.3616,0.0816,34-1
34,1,2020-03-06,0.4202,0.0586,34-1
34,1,2020-03-07,0.4701,0.0499,34-1
34,1,2020-03-08,0.5,0.0299,34-1
34,1,2020-03-09,0.5,0.0,34-1
34,1,2020-03-10,0.5,0.0,34-1
34,1,2020-03-11,0.5,0.0,34-1
34,1,2020-03-12,0.6001,0.1001,34-1
34,1,2020-03-13,0.6678,0.0677,34-1
34,1,2020-03-14,0.6704,0.0026,34-1
34,1,2020-03-15,0.6764,0.006,34-1
34,2,2020-03-03,0.0497,0.0497,34-2
34,2,2020-03-04,0.17,0.1203,34-2
34,2,2020-03-05,0.3813,0.2113,34-2
34,2,2020-03-06,0.4202,0.0389,34-2
34,2,2020-03-07,0.4701,0.0499,34-2
34,2,2020-03-08,0.5,0.0299,34-2
34,2,2020-03-09,0.5,0.0,34-2
34,2,2020-03-10,0.5,0.0,34-2
34,2,2020-03-11,0.5,0.0,34-2
34,2,2020-03-12,0.6001,0.1001,34-2
34,2,2020-03-13,0.7742,0.1741,34-2
34,2,2020-03-14,0.85,0.0758,34-2
34,2,2020-03-15,0.9294,0.0794,34-2
34,3,2020-03-03,0.15,0.15,34-3
34,3,2020-03-04,0.34,0.19,34-3
34,3,2020-03-05,0.361,0.021,34-3
34,3,2020-03-06,0.4202,0.0592,34-3
34,3,2020-03-07,0.4701,0.0499,34-3
34,3,2020-03-08,0.5,0.0299,34-3
34,3,2020-03-09,0.5,0.0,34-3
34,3,2020-03-10,0.5,0.0,34-3
34,3,2020-03-11,0.5,0.0,34-3
34,3,2020-03-12,0.6001,0.1001,34-3
34,3,2020-03-13,0.6001,0.0,34-3
34,3,2020-03-14,0.6001,0.0,34-3
34,3,2020-03-15,0.6141,0.014,34-3
34,4,2020-03-10,0.2497,0.2497,34-4
34,4,2020-03-11,0.4903,0.2406,34-4
34,4,2020-03-12,0.6001,0.1098,34-4
34,4,2020-03-13,0.8645,0.2644,34-4
34,4,2020-03-14,0.9003,0.0358,34-4
34,4,2020-03-15,0.9893,0.089,34-4
37,1,2020-03-13,0.0578,0.0578,37-1
37,1,2020-03-14,0.2002,0.1424,37-1
37,1,2020-03-15,0.3133,0.1131,37-1
37,2,2020-03-10,0.025,0.025,37-2
37,2,2020-03-11,0.321,0.296,37-2
37,2,2020-03-12,0.321,0.0,37-2
37,2,2020-03-13,0.3398,0.0188,37-2
37,2,2020-03-14,0.3997,0.0599,37-2
37,2,2020-03-15,0.4488,0.0491,37-2
37,3,2020-03-10,0.2734,0.2734,37-3
37,3,2020-03-11,0.45,0.1766,37-3
37,3,2020-03-12,0.45,0.0,37-3
37,3,2020-03-13,0.4853,0.0353,37-3
37,3,2020-03-14,0.5499,0.0646,37-3
37,3,2020-03-15,0.6146,0.0647,37-3
37,4,2020-03-12,0.02,0.02,37-4
37,4,2020-03-13,0.1001,0.0801,37-4
37,4,2020-03-14,0.15,0.0499,37-4
37,4,2020-03-15,0.2002,0.0502,37-4
40,1,2020-03-02,0.2519,0.2519,40-1
40,1,2020-03-03,0.3004,0.0485,40-1
40,1,2020-03-04,0.3857,0.0853,40-1
40,1,2020-03-05,0.4903,0.1046,40-1
40,1,2020-03-06,0.53,0.0397,40-1
40,1,2020-03-07,0.6001,0.0701,40-1
40,1,2020-03-08,0.6602,0.0601,40-1
40,1,2020-03-09,0.85,0.1898,40-1
40,1,2020-03-10,0.85,0.0,40-1
40,1,2020-03-11,0.85,0.0,40-1
40,1,2020-03-12,0.85,0.0,40-1
40,1,2020-03-13,0.8781,0.0281,40-1
40,1,2020-03-14,0.9003,0.0222,40-1
40,1,2020-03-15,0.9447,0.0444,40-1
40,2,2020-03-02,0.0991,0.0991,40-2
40,2,2020-03-03,0.2497,0.1506,40-2
40,2,2020-03-04,0.3857,0.136,40-2
40,2,2020-03-05,0.45,0.0643,40-2
40,2,2020-03-06,0.5201,0.0701,40-2
40,2,2020-03-07,0.5797,0.0596,40-2
40,2,2020-03-08,0.6001,0.0204,40-2
40,2,2020-03-09,0.85,0.2499,40-2
40,2,2020-03-10,0.85,0.0,40-2
40,2,2020-03-11,0.85,0.0,40-2
40,2,2020-03-12,0.85,0.0,40-2
40,2,2020-03-13,0.8525,0.0025,40-2
40,2,2020-03-14,0.9003,0.0478,40-2
40,2,2020-03-15,0.9298,0.0295,40-2
40,3,2020-03-02,0.1711,0.1711,40-3
40,3,2020-03-03,0.3004,0.1293,40-3
40,3,2020-03-04,0.4485,0.1481,40-3
40,3,2020-03-05,0.4903,0.0418,40-3
40,3,2020-03-06,0.53,0.0397,40-3
40,3,2020-03-07,0.64,0.11,40-3
40,3,2020-03-08,0.6802,0.0402,40-3
40,3,2020-03-09,0.85,0.1698,40-3
40,3,2020-03-10,0.85,0.0,40-3
40,3,2020-03-11,0.9599,0.1099,40-3
40,3,2020-03-12,0.9796,0.0197,40-3
40,3,2020-03-13,0.9901,0.0105,40-3
40,3,2020-03-14,0.9901,0.0,40-3
40,3,2020-03-15,0.993,0.0029,40-3
40,4,2020-03-04,0.0101,0.0101,40-4
40,4,2020-03-05,0.0101,0.0,40-4
40,4,2020-03-06,0.0101,0.0,40-4
40,4,2020-03-07,0.0101,0.0,40-4
40,4,2020-03-08,0.0101,0.0,40-4
40,4,2020-03-09,0.1001,0.09,40-4
40,4,2020-03-10,0.1001,0.0,40-4
40,4,2020-03-11,0.2701,0.17,40-4
40,4,2020-03-12,0.423,0.1529,40-4
40,4,2020-03-13,0.5447,0.1217,40-4
40,4,2020-03-14,0.64,0.0953,40-4
40,4,2020-03-15,0.7073,0.0673,40-4
40,5,2020-03-04,0.0109,0.0109,40-5
40,5,2020-03-05,0.0109,0.0,40-5
40,5,2020-03-06,0.0109,0.0,40-5
40,5,2020-03-07,0.0109,0.0,40-5
40,5,2020-03-08,0.0109,0.0,40-5
40,5,2020-03-09,0.1001,0.0892,40-5
40,5,2020-03-10,0.1001,0.0,40-5
40,5,2020-03-11,0.1001,0.0,40-5
40,5,2020-03-12,0.1809,0.0808,40-5
40,5,2020-03-13,0.2943,0.1134,40-5
40,5,2020-03-14,0.4097,0.1154,40-5
40,5,2020-03-15,0.5642,0.1545,40-5
41,1,2020-03-09,0.0229,0.0229,41-1
41,1,2020-03-10,0.3004,0.2775,41-1
41,1,2020-03-11,0.4065,0.1061,41-1
41,1,2020-03-12,0.4718,0.0653,41-1
41,1,2020-03-13,0.6001,0.1283,41-1
41,1,2020-03-14,0.7003,0.1002,41-1
41,1,2020-03-15,0.7497,0.0494,41-1
41,2,2020-03-09,0.0649,0.0649,41-2
41,2,2020-03-10,0.2002,0.1353,41-2
41,2,2020-03-11,0.4294,0.2292,41-2
41,2,2020-03-12,0.503,0.0736,41-2
41,2,2020-03-13,0.6001,0.0971,41-2
41,2,2020-03-14,0.7003,0.1002,41-2
41,2,2020-03-15,0.7497,0.0494,41-2
41,3,2020-03-02,0.0229,0.0229,41-3
41,3,2020-03-03,0.3004,0.2775,41-3
41,3,2020-03-04,0.4065,0.1061,41-3
41,3,2020-03-05,0.4718,0.0653,41-3
41,3,2020-03-06,0.6001,0.1283,41-3
41,3,2020-03-07,0.7003,0.1002,41-3
41,3,2020-03-08,0.7497,0.0494,41-3
41,3,2020-03-09,0.8202,0.0705,41-3
41,3,2020-03-10,0.8202,0.0,41-3
41,3,2020-03-11,0.8202,0.0,41-3
41,3,2020-03-12,0.9747,0.1545,41-3
41,3,2020-03-13,0.9796,0.0049,41-3
41,3,2020-03-14,0.9796,0.0,41-3
41,3,2020-03-15,0.9849,0.0053,41-3
41,4,2020-03-02,0.1518,0.1518,41-4
41,4,2020-03-03,0.2497,0.0979,41-4
41,4,2020-03-04,0.5095,0.2598,41-4
41,4,2020-03-05,0.5095,0.0,41-4
41,4,2020-03-06,0.6001,0.0906,41-4
41,4,2020-03-07,0.7003,0.1002,41-4
41,4,2020-03-08,0.7497,0.0494,41-4
41,4,2020-03-09,0.7801,0.0304,41-4
41,4,2020-03-10,0.9199,0.1398,41-4
41,4,2020-03-11,0.9199,0.0,41-4
41,4,2020-03-12,0.95,0.0301,41-4
41,4,2020-03-13,0.9599,0.0099,41-4
41,4,2020-03-14,0.9901,0.0302,41-4
41,4,2020-03-15,0.9921,0.002,41-4
41,5,2020-03-02,0.0649,0.0649,41-5
41,5,2020-03-03,0.2002,0.1353,41-5
41,5,2020-03-04,0.4294,0.2292,41-5
41,5,2020-03-05,0.503,0.0736,41-5
41,5,2020-03-06,0.6001,0.0971,41-5
41,5,2020-03-07,0.7003,0.1002,41-5
41,5,2020-03-08,0.7497,0.0494,41-5
41,5,2020-03-09,0.7698,0.0201,41-5
41,5,2020-03-10,0.85,0.0802,41-5
41,5,2020-03-11,0.85,0.0,41-5
41,5,2020-03-12,0.9549,0.1049,41-5
41,5,2020-03-13,0.9599,0.005,41-5
41,5,2020-03-14,0.9901,0.0302,41-5
41,5,2020-03-15,0.9921,0.002,41-5
41,6,2020-03-02,0.1979,0.1979,41-6
41,6,2020-03-03,0.3004,0.1025,41-6
41,6,2020-03-04,0.4794,0.179,41-6
41,6,2020-03-05,0.503,0.0236,41-6
41,6,2020-03-06,0.6001,0.0971,41-6
41,6,2020-03-07,0.7003,0.1002,41-6
41,6,2020-03-08,0.7497,0.0494,41-6
41,6,2020-03-09,0.8202,0.0705,41-6
41,6,2020-03-10,0.85,0.0298,41-6
41,6,2020-03-11,0.85,0.0,41-6
41,6,2020-03-12,0.9569,0.1069,41-6
41,6,2020-03-13,0.9599,0.003,41-6
41,6,2020-03-14,0.9901,0.0302,41-6
41,6,2020-03-15,0.9921,0.002,41-6
41,7,2020-03-02,0.2123,0.2123,41-7
41,7,2020-03-03,0.3202,0.1079,41-7
41,7,2020-03-04,0.4477,0.1275,41-7
41,7,2020-03-05,0.503,0.0553,41-7
41,7,2020-03-06,0.6001,0.0971,41-7
41,7,2020-03-07,0.7003,0.1002,41-7
41,7,2020-03-08,0.7497,0.0494,41-7
41,7,2020-03-09,0.8202,0.0705,41-7
41,7,2020-03-10,0.8698,0.0496,41-7
41,7,2020-03-11,0.8698,0.0,41-7
41,7,2020-03-12,0.9091,0.0393,41-7
41,7,2020-03-13,0.9199,0.0108,41-7
41,7,2020-03-14,0.9901,0.0702,41-7
41,7,2020-03-15,0.9901,0.0,41-7
41,8,2020-03-02,0.1511,0.1511,41-8
41,8,2020-03-03,0.3004,0.1493,41-8
41,8,2020-03-04,0.4537,0.1533,41-8
41,8,2020-03-05,0.503,0.0493,41-8
41,8,2020-03-06,0.6001,0.0971,41-8
41,8,2020-03-07,0.7003,0.1002,41-8
41,8,2020-03-08,0.7801,0.0798,41-8
41,8,2020-03-09,0.8202,0.0401,41-8
41,8,2020-03-10,0.9399,0.1197,41-8
41,8,2020-03-11,0.9399,0.0,41-8
41,8,2020-03-12,0.978,0.0381,41-8
41,8,2020-03-13,0.9796,0.0016,41-8
41,8,2020-03-14,0.9901,0.0105,41-8
41,8,2020-03-15,0.9901,0.0,41-8
41,12,2020-03-11,0.0497,0.0497,41-12
41,12,2020-03-12,0.3673,0.3176,41-12
41,12,2020-03-13,0.3673,0.0,41-12
41,12,2020-03-14,0.4202,0.0529,41-12
41,12,2020-03-15,0.4694,0.0492,41-12
41,13,2020-03-11,0.0497,0.0497,41-13
41,13,2020-03-12,0.3673,0.3176,41-13
41,13,2020-03-13,0.3673,0.0,41-13
41,13,2020-03-14,0.4202,0.0529,41-13
41,13,2020-03-15,0.4694,0.0492,41-13
41,14,2020-03-11,0.0497,0.0497,41-14
41,14,2020-03-12,0.2013,0.1516,41-14
41,14,2020-03-13,0.29,0.0887,41-14
41,14,2020-03-14,0.29,0.0,41-14
41,14,2020-03-15,0.3149,0.0249,41-14
41,15,2020-03-11,0.0497,0.0497,41-15
41,15,2020-03-12,0.2013,0.1516,41-15
41,15,2020-03-13,0.29,0.0887,41-15
41,15,2020-03-14,0.29,0.0,41-15
41,15,2020-03-15,0.3149,0.0249,41-15
55,1,2020-03-07,0.16,0.16,55-1
55,1,2020-03-08,0.1611,0.0011,55-1
55,1,2020-03-09,0.3101,0.149,55-1
55,1,2020-03-10,0.3131,0.003,55-1
55,1,2020-03-11,0.3131,0.0,55-1
55,1,2020-03-12,0.35,0.0369,55-1
55,1,2020-03-13,0.4903,0.1403,55-1
55,1,2020-03-14,0.4903,0.0,55-1
55,1,2020-03-15,0.4937,0.0034,55-1
55,2,2020-03-09,0.0692,0.0692,55-2
55,2,2020-03-10,0.378,0.3088,55-2
55,2,2020-03-11,0.5005,0.1225,55-2
55,2,2020-03-12,0.5271,0.0266,55-2
55,2,2020-03-13,0.53,0.0029,55-2
55,2,2020-03-14,0.53,0.0,55-2
55,2,2020-03-15,0.5327,0.0027,55-2
55,3,2020-03-06,0.0497,0.0497,55-3
55,3,2020-03-07,0.1101,0.0604,55-3
55,3,2020-03-08,0.2293,0.1192,55-3
55,3,2020-03-09,0.3131,0.0838,55-3
55,3,2020-03-10,0.378,0.0649,55-3
55,3,2020-03-11,0.4382,0.0602,55-3
55,3,2020-03-12,0.473,0.0348,55-3
55,3,2020-03-13,0.473,0.0,55-3
55,3,2020-03-14,0.473,0.0,55-3
55,3,2020-03-15,0.4786,0.0056,55-3
55,4,2020-03-06,0.1001,0.1001,55-4
55,4,2020-03-07,0.15,0.0499,55-4
55,4,2020-03-08,0.1895,0.0395,55-4
55,4,2020-03-09,0.3131,0.1236,55-4
55,4,2020-03-10,0.3479,0.0348,55-4
55,4,2020-03-11,0.4281,0.0802,55-4
55,4,2020-03-12,0.4769,0.0488,55-4
55,4,2020-03-13,0.4801,0.0032,55-4
55,4,2020-03-14,0.4801,0.0,55-4
55,4,2020-03-15,0.4836,0.0035,55-4
55,5,2020-03-08,0.1202,0.1202,55-5
55,5,2020-03-09,0.3131,0.1929,55-5
55,5,2020-03-10,0.3131,0.0,55-5
55,5,2020-03-11,0.3131,0.0,55-5
55,5,2020-03-12,0.35,0.0369,55-5
55,5,2020-03-13,0.4701,0.1201,55-5
55,5,2020-03-14,0.4701,0.0,55-5
55,5,2020-03-15,0.4736,0.0035,55-5
58,1,2020-03-07,0.0902,0.0902,58-1
58,1,2020-03-08,0.1814,0.0912,58-1
58,1,2020-03-09,0.2917,0.1103,58-1
58,1,2020-03-10,0.419,0.1273,58-1
58,1,2020-03-11,0.5613,0.1423,58-1
58,1,2020-03-12,0.7359,0.1746,58-1
58,1,2020-03-13,0.8416,0.1057,58-1
58,1,2020-03-14,0.9003,0.0587,58-1
58,1,2020-03-15,0.9913,0.091,58-1
58,2,2020-03-07,0.0298,0.0298,58-2
58,2,2020-03-08,0.0298,0.0,58-2
58,2,2020-03-09,0.2849,0.2551,58-2
58,2,2020-03-10,0.2997,0.0148,58-2
58,2,2020-03-11,0.4322,0.1325,58-2
58,2,2020-03-12,0.5671,0.1349,58-2
58,2,2020-03-13,0.7497,0.1826,58-2
58,2,2020-03-14,0.8698,0.1201,58-2
58,2,2020-03-15,0.9881,0.1183,58-2
